comment_id;comment
1;Все хорошо кроме неожиданных блокировок, без причины на это
2;Заблокировали операцию оплаты Мегафон по лицевому счету без объяснения причины
3;ужас
4;Хорошая оперативность, забота о клиенте
5;хорошая программа
6;Процесс подтверждения транзакций всегда своевременный и прозрачный, хорошая программа
7;Процесс подтверждения транзакций всегда своевременный и прозрачный.
8;он мне не мешает
9;Остановка происходит там где это не нужно
10;Думала, что процесс операции займёт много времени, а оказалось очень всё быстро.
11;устал от ваших сообщений
12;всё очень быстро и просто.
13;все хорошо работает
14;.
15;для меня было не ожиданно быстро
16;Спасибо большое сотрудникам Сбербанка
17;очень странный алгоритм какой-то, операции с большей суммой прошли без проблем, а меньшую пришлось подтверждать. логичней наоборот или я ошибаюсь?
18;Подтверждение пришло почти сразу Операция завершилась с первого раза.
19;Для меня было неожиданно быстро Операция завершилась с первого раза.
20;нормально.
21;Скорость радует, но алгоритм проверки хотелось бы понятнее. Тогда пользоваться станет намного приятнее.
22;в целом нормально, если ничего не менять.
23;Нравится, что безопасность не мешает пользоваться сервисом. Так и должно работать.
24;Нравится, что безопасность не мешает пользоваться сервисом. Так и должно работать.
25;Сообщения приходят слишком часто. Из-за этого хочется отключить пуши совсем.
26;Постоянные сообщения мешают. Иногда кажется, что их больше, чем пользы.
27;Заблокировали платёж за интернет без объяснения причины.
28;заблокировали оплату коммуналки при обычной сумме.
29;Поддержка нормальная, но в редкие моменты всё зависает. Из-за этого впечатление смешанное.
30;Код приходит с задержкой. Иногда после этого вообще отменяю платёж.
31;Скорость приятно удивила Даже не успел начать переживать.
32;Проверка срабатывает там, где это не нужно. Из-за этого теряется время.
33;Алгоритм подтверждения выглядит странно. Хотелось бы меньше лишних шагов...
34;Заблокировали операцию оплаты хотя сумма была небольшой.
35;Процесс подтверждения всегда своевременный и прозрачный. Баланс между удобством и безопасностью хороший...
36;В приложении всё прошло хорошо так что впечатление положительное.
37;Все прошло отлично, всё с первого раза.
38;Подтверждение иногда зависает. Из-за этого теряется время.
39;в целом нормально
40;Все прошло буквально за секунды Операция завершилась с первого раза.
41;Идея отличная, но в редкие моменты всё зависает. Из-за этого впечатление смешанное.
42;Скорость радует, но в редкие моменты всё зависает. Остальное меня устраивает.
43;Спасибо большое сотрудникам Сбербанка. Вопрос решили без лишних переводов.
44;Думал операция займёт много времени, но прошла мгновенно Такой скорости я не ожидал...
45;Заблокировали покупку в интернет-магазине как будто без причины.
46;Устал от ваших сообщений. Хотелось бы самому настроить частоту.
47;Хорошая программа, пользоваться комфортно...
48;Заблокировали перевод по номеру телефона в конце рабочего дня.
49;Заблокировали оплату коммуналки в конце рабочего дня.
50;скорость радует, но алгоритм проверки хотелось бы понятнее. тогда пользоваться станет намного приятнее.
51;В целом сервис хороший, но бывают странные остановки операций. Остальное меня устраивает.
52;Заблокировали автоплатёж хотя сумма была небольшой.
53;Заблокировали оплату мобильной связи в самый неподходящий момент.
54;В целом сервис хороший, но бывают странные остановки операций. Тогда пользоваться станет намного приятнее.
55;Слишком много уведомлений. Иногда кажется, что их больше, чем пользы.
56;Заблокировали платёж за интернет в конце рабочего дня.
57;Устал от ваших сообщений. Иногда кажется, что их больше, чем пользы.
58;Заблокировали платёж за интернет как будто без причины...
59;Для меня было неожиданно быстро Операция завершилась с первого раза.
60;Приятно удивлён, операции проходят без задержек.
61;Проверка срабатывает там, где это не нужно. Приходится ждать и повторять попытку.
62;Очень быстро обработали платёж Операция завершилась с первого раза.
63;Проверка занимает лишнее время. Из-за этого теряется время.
64;Процесс подтверждения всегда своевременный и прозрачный. Баланс между удобством и безопасностью хороший.
65;Пользоваться в целом удобно, но подтверждение на мелких суммах лишнее. Тогда пользоваться станет намного приятнее.
66;Спасибо сотрудникам за помощь. Редко встречаю такой сервис.
67;В сервисе всё прозрачно так что впечатление положительное...
68;Хорошая программа, лишних действий нет.
69;Заблокировали перевод на карту в самый неподходящий момент.
70;Все этапы проверки видны и не вызывают вопросов. Так и должно работать.
71;Скорость радует, но иногда блокировки вообще нелогичные. Пока это главный минус.
72;Заблокировали снятие наличных в самый неподходящий момент.
73;Заблокировали перевод по номеру телефона даже без предупреждения.
74;Процесс понятный, для меня это большой плюс.
75;Уведомления приходят даже когда не нужно. Из-за этого хочется отключить пуши совсем.
76;Алгоритм подтверждения выглядит странно. Такой сценарий только раздражает.
77;Уведомления приходят даже когда не нужно. Часть из них для меня бесполезна.
78;Устал от ваших сообщений. Иногда кажется, что их больше, чем пользы.
79;Все хорошо работает, поддержка отвечает быстро.
80;Никаких проблем не заметил, всё прозрачно.
81;Слишком много уведомлений. Хотелось бы самому настроить частоту.
82;Заблокировали перевод в другой банк как будто без причины.
83;После обращения проблему закрыли в тот же день. Редко встречаю такой сервис.
84;Поддержка сработала оперативно. Объяснили спокойно и понятно.
85;обычный сервис, если ничего не менять.
86;Заблокировали платёж по ЪР на ровном месте.
87;Помогли быстро решить вопрос. Редко встречаю такой сервис.
88;Пушей стало слишком много. Из-за этого хочется отключить пуши совсем.
89;Очень понравилось, операции проходят без задержек.
90;Заблокировали оплату Мегафон по лицевому счету хотя раньше всё проходило.
91;Все прошло буквально за секунды Даже не успел начать переживать.
92;Все прошло буквально за секунды Даже не успел начать переживать.
93;Заблокировали перевод на карту хотя сумма была небольшой.
94;Процесс подтверждения всегда своевременный и прозрачный. Чувствую себя спокойнее.
95;В целом сервис хороший, но подтверждение на мелких суммах лишнее. Из-за этого впечатление смешанное.
96;Заблокировали снятие наличных когда спешил.
97;Приятно удивлён, для меня это большой плюс.
98;Слишком долгое подтверждение операции. Такой сценарий только раздражает.
99;Сообщения приходят слишком часто. Часть из них для меня бесполезна...
100;Слишком много уведомлений. Особенно вечером это утомляет.
101;Заблокировали снятие наличных и никто не пояснил почему.
102;Сотрудники всё вежливо объяснили. Редко встречаю такой сервис.
103;проверка занимает лишнее время. иногда после этого вообще отменяю платёж.
104;Проверка срабатывает там, где это не нужно. Иногда после этого вообще отменяю платёж.
105;Заблокировали оплату коммуналки при обычной сумме.
106;Заблокировали оплату подписки хотя операция стандартная.
107;Подтверждение операций устроено логично. Так и должно работать.
108;Скорость радует, но в редкие моменты всё зависает. Если это поправить, будет отлично.
109;обычный сервис, пока претензий нет.
110;Устал от ваших сообщений. Из-за этого хочется отключить пуши совсем.
111;Проверка понятная и быстрая. Чувствую себя спокойнее.
112;Заблокировали автоплатёж в самый неподходящий момент.
113;Все хорошо работает, поддержка отвечает быстро.
114;Очень удобно, для меня это большой плюс.
115;Алгоритм подтверждения выглядит странно. Иногда после этого вообще отменяю платёж.
116;Подтверждение операций устроено логично. Никакого дискомфорта не вызывает.
117;Процесс понятный, поддержка отвечает быстро.
118;После обращения проблему закрыли в тот же день. Вопрос решили без лишних переводов.
119;Заблокировали снятие наличных и никто не пояснил почему.
120;Алгоритм подтверждения выглядит странно. Хотелось бы меньше лишних шагов.
121;Работает стабильно, всё с первого раза.
122;Алгоритм подтверждения выглядит странно. Приходится ждать и повторять попытку.
123;Очень удобно, операции проходят без задержек.
124;Сервис порадовал, пользоваться комфортно.
125;Алгоритм подтверждения выглядит странно. Иногда после этого вообще отменяю платёж.
126;Пользоваться в целом удобно, но уведомлений многовато. Тогда пользоваться станет намного приятнее.
127;Проверка срабатывает там, где это не нужно. Хотелось бы меньше лишних шагов.
128;Очень понравилось, подтверждение приходит вовремя.
129;Подтверждение иногда зависает. Приходится ждать и повторять попытку.
130;Работает стабильно, операции проходят без задержек.
131;Процесс подтверждения всегда своевременный и прозрачный. Так и должно работать.
132;заблокировали перевод в другой банк как будто без причины.
133;Проверка занимает лишнее время. Приходится ждать и повторять попытку.
134;Заблокировали операцию оплаты в конце рабочего дня.
135;Идея отличная, но бывают странные остановки операций. Тогда пользоваться станет намного приятнее.
136;Слишком много уведомлений. Особенно вечером это утомляет.
137;Пользоваться в целом удобно, но подтверждение на мелких суммах лишнее. Из-за этого впечатление смешанное.
138;Очень быстро обработали платёж Даже не успел начать переживать.
139;В целом сервис хороший, но иногда блокировки вообще нелогичные. Если это поправить, будет отлично...
140;Все прошло отлично, операции проходят без задержек.
141;Проверка понятная и быстрая. Баланс между удобством и безопасностью хороший.
142;Заблокировали перевод на карту хотя раньше все проходило.
143;Все этапы проверки видны и не вызывают вопросов. Так и должно работать.
144;Для меня было неожиданно быстро Операция завершилась с первого раза.
145;Нравится, что безопасность не мешает пользоваться сервисом. Никакого дискомфорта не вызывает.
146;Заблокировали перевод по номеру телефона при обычной сумме.
147;Заблокировали оплату Мегафон по лицевому счету и никто не пояснил почему.
148;Постоянные сообщения мешают. Особенно вечером это утомляет.
149;Чувствуется забота о клиенте. Редко встречаю такой сервис.
150;он мне не мешает, пока претензий нет.
151;Заблокировали покупку в интернет-магазине когда спешил.
152;Поддержка нормальная, но иногда блокировки вообще нелогичные. Пока это главный минус.
153;Заблокировали оплату подписки когда спешил.
154;Работает стабильно, операции проходят без задержек.
155;Нравится, что безопасность не мешает пользоваться сервисом. Чувствую себя спокойнее.
156;Идея отличная, но бывают странные остановки операций. Пока это главный минус.
157;он мне не мешает, если ничего не менять.
158;Заблокировали оплату коммуналки и никто не пояснил почему...
159;Не ожидал, что всё будет так быстро Все прошло без проблем...
160;Заблокировали перевод в другой банк в конце рабочего дня.
161;заблокировали автоплатёж когда спешил.
162;Помогли быстро решить вопрос. Объяснили спокойно и понятно.
163;Заблокировали оплату Мегафон по лицевому счету хотя сумма была небольшой.
164;Алгоритм подтверждения выглядит странно. Такой сценарий только раздражает.
165;Сервис порадовал, операции проходят без задержек.
166;подтверждение пришло почти сразу операция завершилась с первого раза.
167;в целом нормально, пока претензий нет.
168;С мелкими суммами проверяет строжне, чем с крупными. Приходится ждать и повторять попытку.
169;нормально, пока претензий нет.
170;Заблокировали автоплатёж в конце рабочего дня.
171;Идея отличная, но алгоритм проверки хотелось бы понятнее. Из-за этого впечатление смешанное.
172;неплохо
173;Очень удобно, всё быстро и понятно.
174;Заблокировали перевод на карту когда спешил.
175;Заблокировали автоплатёж как будто без причины.
176;Работает стабильно, всё с первого раза.
177;Заблокировали перевод по номеру телефона в конце рабочего дня.
178;Устал от ваших сообщений. Из-за этого хочется отключить пуши совсем.
179;В целом сервис хороший, но алгоритм проверки хотелось бы понятнее. Пока это главный минус.
180;Сообщения приходят слишком часто. Иногда кажется, что их больше, чем пользы.
181;Заблокировали оплату мобильной связи и никто не пояснил почему...
182;Пушей стало слишком много. Иногда кажется, что их больше, чем пользы.
183;проверка понятная и быстрая. чувствую себя спокойнее...
184;Чувствуется забота о клиенте. Вопрос решили без лишних переводов.
185;он мне не мешает, пока претензий нет.
186;Поддержка нормальная, но бывают странные остановки операций. Если это поправить, будет отлично.
187;Пользоваться в целом удобно, но бывают странные остановки операций. Тогда пользоваться станет намного приятнее.
188;Проверка срабатывает там, где это не нужно. Такой сценарий только раздражает.
189;Очень удобно, операции проходят без задержек.
190;с мелкими суммами проверяет строжне, чем с крупными. хотелось бы меньше лишних шагов.
191;Хорошая программа, лишних действий нет.
192;Проверка занимает лишнее время. Из-за этого теряется время.
193;Уведомления приходят даже когда не нужно. Иногда кажется, что их больше, чем пользы.
194;работает как работает, пока претензий нет.
195;Все прошло отлично, операции проходят без задержек.
196;заблокировали пополнение карты как будто без причины.
197;кошмар
198;он мне не мешает, пока претензий нет.
199;Заблокировали перевод на карту при обычной сумме.
200;Лишние уведомления только раздражают. Особенно вечером это утомляет...
201;Заблокировали перевод между своими счетами без объяснения причины.
202;отлично
203;Помогли быстро решить вопрос. Вопрос решили без лишних переводов.
204;Процесс понятный, поддержка отвечает быстро.
205;думал операция займёт много времени, но прошла мгновенно такой скорости я не ожидал.
206;Для меня было неожиданно быстро Все прошло без проблем.
207;Заблокировали оплату мобильной связи хотя сумма была небольшой.
208;Проверка занимает лишнее время. Хотелось бы меньше лишних шагов.
209;нормально, если ничего не менять.
210;нравится, что безопасность не мешает пользоваться сервисом. никакого дискомфорта не вызывает.
211;Сервис порадовал, подтверждение приходит вовремя.
212;Для меня было неожиданно быстро Все прошло без проблем.
213;Сотрудники всё вежливо объяснили. Осталось хорошее впечатление.
214;Уведомления приходят даже когда не нужно. Из-за этого хочется отключить пуши совсем.
215;Заблокировали перевод в другой банк на ровном месте.
216;С мелкими суммами проверяет строжне, чем с крупными. Хотелось бы меньше лишних шагов.
217;Идея отличная, но бывают странные остановки операций. Из-за этого впечатление смешанное.
218;Все хорошо работает, для меня это большой плюс.
219;Очень быстро обработали платёж Даже не успел начать переживать.
220;пока без особых эмоций
221;Спасибо большое сотрудникам Сбербанка. Объяснили спокойно и понятно...
222;Очень понравилось, лишних действий нет.
223;Устал от ваших сообщений. Из-за этого хочется отключить пуши совсем.
224;Подтверждение операций устроено логично. Баланс между удобством и безопасностью хороший.
225;Заблокировали платёж за интернет как будто без причины.
226;Нравится, что безопасность не мешает пользоваться сервисом. Никакого дискомфорта не вызывает.
227;Для меня было неожиданно быстро Такой скорости я не ожидал.
228;Программа удобная, но алгоритм проверки хотелось бы понятнее. Если это поправить, будет отлично.
229;Проверка понятная и быстрая. Никакого дискомфорта не вызывает.
230;Скорость приятно удивила Такой скорости я не ожидал.
231;Подтверждение пришло почти сразу Все прошло без проблем.
232;он мне не мешает, если ничего не менять...
233;лишние уведомления только раздражают. из-за этого хочется отключить пуши совсем.
234;Скорость приятно удивила Все прошло без проблем.
235;Проверка понятная и быстрая. Чувствую себя спокойнее.
236;Слишком много уведомлений. Хотелось бы самому настроить частоту.
237;ок
238;Помогли быстро решить вопрос. Объяснили спокойно и понятно.
239;Очень быстро обработали платёж Все прошло без проблем.
240;идея отличная, но иногда блокировки вообще нелогичные. если это поправить, будет отлично.
241;Сработало быстрее, чем обычно Операция завершилась с первого раза.
242;Хорошая программа, лишних действий нет.
243;Постоянно просит лишнее подтверждение. Иногда после этого вообще отменяю платёж...
244;Уведомления приходят даже когда не нужно. Иногда кажется, что их больше, чем пользы.
245;Сотрудники всё вежливо объяснили. Осталось хорошее впечатление.
246;Поддержка сработала оперативно. Объяснили спокойно и понятно.
247;Код приходит с задержкой. Приходится ждать и повторять попытку...
248;После обращения проблему закрыли в тот же день. Осталось хорошее впечатление.
249;Все прошло отлично, поддержка отвечает быстро.
250;Заблокировали перевод между своими счетами хотя сумма была небольшой.
251;Нравится, что безопасность не мешает пользоваться сервисом. Чувствую себя спокойнее.
252;Программа удобная, но подтверждение на мелких суммах лишнее. Из-за этого впечатление смешанное.
253;В сервисе всё прозрачно и это раздражает.
254;отлично
255;Не ожидал, что всё будет так быстро Операция завершилась с первого раза.
256;Скорость радует, но иногда блокировки вообще нелогичные. Пока это главный минус.
257;После обращения проблему закрыли в тот же день. Объяснили спокойно и понятно.
258;в целом нормально, если ничего не менять.
259;пока без особых эмоций
260;Заблокировали покупку в интернет-магазине хотя операция стандартная.
261;пользуюсь без восторга, но и без проблем, пока претензий нет.
262;Подтверждение операций устроено логично. Баланс между удобством и безопасностью хороший.
263;Заблокировали платёж по ЪР когда спешил.
264;Пушей стало слишком много. Иногда кажется, что их больше, чем пользы.
265;Заблокировали оплату мобильной связи хотя сумма была небольшой.
266;нормально.
267;Подтверждение операций устроено логично. Никакого дискомфорта не вызывает.
268;Думал операция займёт много времени, но прошла мгновенно Операция завершилась с первого раза.
269;С мелкими суммами проверяет строжне, чем с крупными. Приходится ждать и повторять попытку.
270;Чувствуется забота о клиенте. Редко встречаю такой сервис.
271;обычный сервис
272;Алгоритм подтверждения выглядит странно. Такой сценарий только раздражает.
273;В сервисе всё прозрачно и это раздражает.
274;Заблокировали оплату коммуналки хотя сумма была небольшой.
275;Заблокировали платёж за интернет на ровном месте.
276;Процесс понятный, подтверждение приходит вовремя.
277;Чувствуется забота о клиенте. Вопрос решили без лишних переводов.
278;Заблокировали пополнение карты без объяснения причины.
279;Подтверждение иногда зависает. Иногда после этого вообще отменяю платёж.
280;заблокировали автоплатёж хотя операция стандартная.
281;Заблокировали покупку в интернет-магазине в конце рабочего дня.
282;Чувствуется забота о клиенте. Вопрос решили без лишних переводов.
283;Все прошло буквально за секунды Все прошло без проблем.
284;Пушей стало слишком много. Из-за этого хочется отключить пуши совсем.
285;помогли быстро решить вопрос. редко встречаю такой сервис.
286;Уведомления приходят даже когда не нужно. Часть из них для меня бесполезна.
287;Сработало быстрее, чем обычно Даже не успел начать переживать.
288;в целом сервис хороший, но бывают странные остановки операций. пока это главный минус.
289;Все хорошо работает, поддержка отвечает быстро.
290;Сервис порадовал, интерфейс удобный.
291;Все прошло отлично, подтверждение приходит вовремя.
292;Не ожидал, что всё будет так быстро Даже не успел начать переживать.
293;Сотрудники всё вежливо объяснили. Объяснили спокойно и понятно.
294;Спасибо сотрудникам за помощь. Вопрос решили без лишних переводов.
295;Постоянно просит лишнее подтверждение. Хотелось бы меньше лишних шагов.
296;очень понравилось, поддержка отвечает быстро.
297;слишком много уведомлений. хотелось бы самому настроить частоту.
298;Подтверждение пришло почти сразу Операция завершилась с первого раза.
299;Поддержка сработала оперативно. Объяснили спокойно и понятно.
300;алгоритм подтверждения выглядит странно. иногда после этого вообще отменяю платёж.
301;Проверка срабатывает там, где это не нужно. Приходится ждать и повторять попытку...
302;Постоянно просит лишнее подтверждение. Из-за этого теряется время.
303;Заблокировали операцию оплаты хотя сумма была небольшой.
304;Заблокировали оплату мобильной связи и никто не пояснил почему.
305;Чувствуется забота о клиенте. Вопрос решили без лишних переводов.
306;Поддержка сработала оперативно. Осталось хорошее впечатление.
307;заблокировали перевод между своими счетами когда спешил.
308;Поддержка сработала оперативно. Осталось хорошее впечатление.
309;Скорость приятно удивила Все прошло без проблем.
310;пока без особых эмоций.
311;Постоянно просит лишнее подтверждение. Иногда после этого вообще отменяю платёж.
312;Спасибо сотрудникам за помощь. Объяснили спокойно и понятно.
313;Заблокировали операцию оплаты в самый неподходящий момент.
314;заблокировали перевод на карту в конце рабочего дня.
315;Проверка срабатывает там, где это не нужно. Иногда после этого вообще отменяю платёж.
316;Очень быстро обработали платёж Такой скорости я не ожидал.
317;Заблокировали платёж за интернет при обычной сумме.
318;Заблокировали перевод между своими счетами в самый неподходящий момент.
319;Заблокировали оплату подписки без объяснения причины.
320;Подтверждение операций устроено логично. Баланс между удобством и безопасностью хороший.
321;Сообщения приходят слишком часто. Особенно вечером это утомляет.
322;так себе
323;В целом сервис хороший, но иногда блокировки вообще нелогичные. Пока это главный минус...
324;С мелкими суммами проверяет строжне, чем с крупными. Хотелось бы меньше лишних шагов.
325;он мне не мешает, если ничего не менять.
326;Спасибо большое сотрудникам Сбербанка. Осталось хорошее впечатление.
327;так себе
328;Подтверждение операций устроено логично. Так и должно работать.
329;Подтверждение пришло почти сразу Такой скорости я не ожидал.
330;Лишние уведомления только раздражают. Часть из них для меня бесполезна.
331;После обращения проблему закрыли в тот же день. Вопрос решили без лишних переводов.
332;Подтверждение пришло почти сразу Такой скорости я не ожидал.
333;Скорость радует, но в редкие моменты всё зависает. Из-за этого впечатление смешанное.
334;Проверка срабатывает там, где это не нужно. Иногда после этого вообще отменяю платёж.
335;Проверка понятная и быстрая. Так и должно работать.
336;Спасибо сотрудникам за помощь. Редко встречаю такой сервис.
337;Поддержка нормальная, но иногда блокировки вообще нелогичные. Пока это главный минус.
338;С мелкими суммами проверяет строжне, чем с крупными. Приходится ждать и повторять попытку.
339;Сотрудники всё вежливо объяснили. Осталось хорошее впечатление...
340;Очень понравилось, интерфейс удобный.
341;Все прошло отлично, лишних действий нет...
342;обычный сервис, пока претензий нет.
343;Скорость приятно удивила Операция завершилась с первого раза.
344;Заблокировали платёж по ЪР как будто без причины.
345;Подтверждение пришло почти сразу Такой скорости я не ожидал.
346;Проверка понятная и быстрая. Никакого дискомфорта не вызывает.
347;Нравится, что безопасность не мешает пользоваться сервисом. Так и должно работать.
348;Поддержка нормальная, но алгоритм проверки хотелось бы понятнее. Из-за этого впечатление смешанное.
349;Лишние уведомления только раздражают. Из-за этого хочется отключить пуши совсем.
350;Процесс понятный, лишних действий нет.
351;Заблокировали пополнение карты хотя сумма была небольшой.
352;Постоянно просит лишнее подтверждение. Из-за этого теряется время.
353;Процесс понятный, всё быстро и понятно.
354;Заблокировали платёж за интернет хотя операция стандартная.
355;Приятно удивлён, интерфейс удобный.
356;Сервис порадовал, операции проходят без задержек.
357;Все прошло отлично, подтверждение приходит вовремя.
358;постоянно просит лишнее подтверждение. из-за этого теряется время.
359;Заблокировали пополнение карты как будто без причины.
360;Заблокировали оплату мобильной связи без объяснения причины.
361;Подтверждение операций устроено логично. Чувствую себя спокойнее.
362;Пользоваться в целом удобно, но подтверждение на мелких суммах лишнее. Если это поправить, будет отлично.
363;Проверка занимает лишнее время. Из-за этого теряется время.
364;Процесс понятный, всё прозрачно...
365;Спасибо сотрудникам за помощь. Вопрос решили без лишних переводов.
366;Думал операция займёт много времени, но прошла мгновенно Операция завершилась с первого раза.
367;Хорошая программа, поддержка отвечает быстро.
368;Проверка понятная и быстрая. Так и должно работать.
369;Поддержка нормальная, но алгоритм проверки хотелось бы понятнее. Если это поправить, будет отлично.
370;Подтверждение пришло почти сразу Операция завершилась с первого раза.
371;Помогли быстро решить вопрос. Объяснили спокойно и понятно.
372;Процесс подтверждения всегда своевременный и прозрачный. Баланс между удобством и безопасностью хороший.
373;Сообщения приходят слишком часто. Особенно вечером это утомляет.
374;Сотрудники всё вежливо объяснили. Вопрос решили без лишних переводов.
375;Заблокировали покупку в интернет-магазине хотя сумма была небольшой.
376;Заблокировали платёж по ЪР в самый неподходящий момент.
377;Заблокировали покупку в интернет-магазине хотя раньше всё проходило.
378;Постоянно просит лишнее подтверйдение. Из-за этого теряется время...
379;Сотрудники всё вежливо объяснили. Объяснили спокойно и понятно.
380;Заблокировали перевод между своими счетами и никто не пояснил почему.
381;Идея отличная, но в редкие моменты всё зависает. Из-за этого впечатление смешанное.
382;Алгоритм подтверждения выглядит странно. Хотелось бы меньше лишних шагов.
383;Идея отличная, но подтверждение на мелких суммах лишнее. Тогда пользоваться станет намного приятнее.
384;Приятно удивлён, лишних действий нет.
385;Пользоваться в целом удобно, но подтверждение на мелких суммах лишнее. Остальное меня устраивает.
386;в целом нормально, пока претензий нет.
387;Процесс понятный, лишних действий нет.
388;Заблокировали операцию оплаты как будто без причины.
389;Думал операция займёт много времени, но прошла мгновенно Все прошло без проблем.
390;Идея отличная, но бывают странные остановки операций. Если это поправить, будет отлично.
391;Приятно удивлён, всё быстро и понятно.
392;Помогли быстро решить вопрос. Осталось хорошее впечатление.
393;Думал операция займёт много времени, но прошла мгновенно Даже не успел начать переживать.
394;Уведомления приходят даже когда не нужно. Хотелось бы самому настроить частоту.
395;Сотрудники всё вежливо объяснили. Вопрос решили без лишних переводов.
396;Программа удобная, но иногда блокировки вообще нелогичные. Из-за этого впечатление смешанное.
397;Постоянно просит лишнее подтверждение. Из-за этого теряется время.
398;Проверка срабатывает там, где это не нужно. Такой сценарий только раздражает.
399;так себе
400;Программа удобная, но алгоритм проверки хотелось бы понятнее. Пока это главный минус.
401;Постоянно просит лишнее подтверждение. Хотелось бы меньше лишних шагов.
402;Пушей стало слишком много. Особенно вечером это утомляет.
403;ничего особенного, но пользоваться можно, если ничего не менять.
404;Подтверждение иногда зависает. Приходится ждать и повторять попытку.
405;Скорость приятно удивила Операция завершилась с первого раза.
406;После обращения проблему закрыли в тот же день. Объяснили спокойно и понятно.
407;Подтверждение иногда зависает. Приходится ждать и повторять попытку.
408;нормально
409;Все прошло буквально за секунды Даже не успел начать переживать.
410;Очень быстро обработали платёж Даже не успел начать переживать...
411;Заблокировали платёж за интернет как будто без причины.
412;В целом сервис хороший, но алгоритм проверки хотелось бы понятнее. Пока это главный минус.
413;Для меня было неожиданно быстро Операция завершилась с первого раза.
414;Заблокировали пополнение карты хотя раньше всё проходило.
415;Уведомления приходят даже когда не нужно. Хотелось бы самому настроить частоту...
416;Все хорошо работает, операции проходят без задержек.
417;Слишком много уведомлений. Особенно вечером это утомляет.
418;Поддержка нормальная, но алгоритм проверки хотелось бы понятнее. Тогда пользоваться станет намного приятнее.
419;Идея отличная, но алгоритм проверки хотелось бы понятнее. Остальное меня устраивает.
420;Заблокировали перевод по номеру телефона в конце рабочего дня.
421;Для меня было неожиданно быстро Все прошло без проблем.
422;Проверка занимает лишнее время. Из-за этого теряется время.
423;Спасибо большое сотрудникам Сбербанка. Осталось хорошее впечатление.
424;Сервис порадовал, лишних действий нет.
425;Постоянные сообщения мешают. Иногда кажется, что их больше, чем пользы.
426;Пользоваться в целом удобно, но иногда блокировки вообще нелогичные. Тогда пользоваться станет намного приятнее.
427;Проверка понятная и быстрая. Чувствую себя спокойнее.
428;Заблокировали перевод по номеру телефона хотя раньше всё проходило.
429;Заблокировали пополнение карты хотя сумма была небольшой.
430;Спасибо большое сотрудникам Сбербанка. Вопрос решили без лишних переводов.
431;Все прошло отлично, интерфейс удобный.
432;Лишние уведомления только раздражают. Особенно вечером это утомляет.
433;Процесс понятный, поддержка отвечает быстро.
434;Код приходит с задержкой. Такой сценарий только раздражает.
435;Чувствуется забота о клиенте. Осталось хорошее впечатление.
436;норм
437;пользуюсь без восторга, но и без проблем, если ничего не менять.
438;Устал от ваших сообщений. Особенно вечером это утомляет.
439;Все хорошо работает, все с первого раза.
440;ничего особенного, но пользоваться можно, пока претензий нет.
441;Заблокировали снятие наличных хотя раньше всё проходило.
442;Пушей стало слишком много. Особенно вечером это утомляет.
443;Очень быстро обработали платёж Все прошло без проблем.
444;Нравится, что безопасность не мешает пользоваться сервисом. Баланс между удобством и безопасностью хороший.
445;Подтверждение иногда зависает. Такой сценарий только раздражает.
446;Подтверждение операций устроено логично. Никакого дискомфорта не вызывает.
447;Слишком много уведомлений. Особенно вечером это утомляет.
448;Для меня было неожиданно быстро Такой скорости я не ожидал.
449;Очень удобно, поддержка отвечает быстро.
450;Заблокировали перевод по номеру телефона и никто не пояснил почему.
451;Очень понравилось, для меня это большой плюс...
452;ничего особенного, но пользоваться можно.
453;Заблокировали снятие наличных на ровном месте.
454;ужас
455;Очень удобно, пользоваться комфортно.
456;Все этапы проверки видны и не вызывают вопросов. Так и должно работать.
457;поддержка нормальная, но уведомлений многовато. тогда пользоваться станет намного приятнее.
458;пользуюсь без восторга, но и без проблем
459;Постоянные сообщения мешают. Часть из них для меня бесполезна.
460;Заблокировали снятие наличных при обычной сумме.
461;Заблокировали операцию оплаты даже без предупреждения.
462;Заблокировали операцию оплаты хотя операция стандартная.
463;пока без особых эмоций, если ничего не менять.
464;Сообщения приходят слишком часто. Хотелось бы самому настроить частоту.
465;обычный сервис, пока претензий нет.
466;Не ожидал, что всё будет так быстро Даже не успел начать переживать.
467;Поддержка сработала оперативно. Объяснили спокойно и понятно.
468;все хорошо работает, всё быстро и понятно.
469;Постоянные сообщения мешают. Из-за этого хочется отключить пуши совсем...
470;Для меня было неожиданно быстро Операция завершилась с первого раза.
471;Процесс подтверждения всегда своевременный и прозрачный. Так и должно работать.
472;пока без особых эмоций.
473;Слишком долгое подтверждение операции. Хотелось бы меньше лишних шагов.
474;Поддержка нормальная, но иногда блокировки вообще нелогичные. Остальное меня устраивает.
475;Работает стабильно, всё с первого раза...
476;Подтверждение операций устроено логично. Чувствую себя спокойнее.
477;Алгоритм подтверждения выглядит странно. Такой сценарий только раздражает.
478;Сработало быстрее, чем обычно Все прошло без проблем.
479;Сотрудники всё вежливо объяснили. Осталось хорошее впечатление.
480;Слишком долгое подтверйдение операции. Такой сценарий только раздражает.
481;Программа удобная, но иногда блокировки вообще нелогичные. Если это поправить, будет отлично.
482;хорошая программа, для меня это большой плюс.
483;Поддержка сработала оперативно. Вопрос решили без лишних переводов.
484;Сотрудники всё вежливо объяснили. Объяснили спокойно и понятно.
485;Заблокировали перевод на карту при обычной сумме.
486;Чувствуется забота о клиенте. Редко встречаю такой сервис.
487;Заблокировали оплату коммуналки как будто без причины.
488;ничего особенного, но пользоваться можно.
489;Нравится, что безопасность не мешает пользоваться сервисом. Никакого дискомфорта не вызывает.
490;Заблокировали платёж по ЪР даже без предупреждения.
491;Процесс подтверждения всегда своевременный и прозрачный. Баланс между удобством и безопасностью хороший.
492;С мелкими суммами проверяет строжне, чем с крупными. Хотелось бы меньше лишних шагов.
493;Помогли быстро решить вопрос. Объяснили спокойно и понятно.
494;не ожидал, что всё будет так быстро все прошло без проблем.
495;Постоянные сообщения мешают. Особенно вечером это утомляет.
496;Подтверждение операций устроено логично. Так и должно работать.
497;Код приходит с задержкой. Хотелось бы меньше лишних шагов.
498;Сотрудники всё вежливо объяснили. Объяснили спокойно и понятно.
499;Сработало быстрее, чем обычно Даже не успел начать переживать.
500;Все хорошо работает, интерфейс удобный.
501;Проверка срабатывает там, где это не нужно. Такой сценарий только раздражает.
502;После обращения проблему закрыли в тот же день. Осталось хорошее впечатление.
503;Сработало быстрее, чем обычно Все прошло без проблем.
504;Сообщения приходят слишком часто. Особенно вечером это утомляет.
505;Заблокировали оплату подписки в конце рабочего дня.
506;Подтверждение операций устроено логично. Никакого дискомфорта не вызывает.
507;Очень быстро обработали платёж Даже не успел начать переживать.
508;После обращения проблему закрыли в тот же день. Вопрос решили без лишних переводов.
509;Сотрудники всё вежливо объяснили. Вопрос решили без лишних переводов.
510;Лишние уведомления только раздражают. Особенно вечером это утомляет.
511;Заблокировали оплату мобильной связи хотя сумма была небольшой.
512;Все хорошо работает, для меня это большой плюс.
513;Подтверждение пришло почти сразу Даже не успел начать переживать.
514;отлично
515;Слишком долгое подтверждение операции. Такой сценарий только раздражает.
516;Заблокировали операцию оплаты и никто не пояснил почему.
517;Скорость приятно удивила Все прошло без проблем...
518;Процесс понятный, поддержка отвечает быстро.
519;Спасибо большое сотрудникам Сбербанка. Вопрос решили без лишних переводов.
520;Заблокировали снятие наличных хотя сумма была небольшой.
521;Слишком много уведомлений. Хотелось бы самому настроить частоту.
522;Подтверждение пришло почти сразу Операция завершилась с первого раза.
523;Не ожидал, что всё будет так быстро Операция завершилась с первого раза.
524;ничего особенного, но пользоваться можно.
525;Заблокировали оплату мобильной связи в самый неподходящий момент.
526;Приятно удивлён, пользоваться комфортно.
527;Идея отличная, но уведомлений многовато. Если это поправить, будет отлично.
528;алгоритм подтверждения выглядит странно. приходится ждать и повторять попытку.
529;Думал операция займёт много времени, но прошла мгновенно Операция завершилась с первого раза.
530;идея отличная, но алгоритм проверки хотелось бы понятнее. пока это главный минус.
531;Лишние уведомления только раздражают. Из-за этого хочется отключить пуши совсем.
532;Заблокировали пополнение карты без объяснения причины.
533;Слишком много уведомлений. Из-за этого хочется отключить пуши совсем.
534;Заблокировали перевод на карту хотя раньше всё проходило.
535;В целом сервис хороший, но бывают странные остановки операций. Остальное меня устраивает.
536;Заблокировали перевод на карту хотя раньше всё проходило.
537;Постоянные сообщения мешают. Особенно вечером это утомляет...
538;Заблокировали перевод на карту на ровном месте.
539;Все прошло отлично, пользоваться комфортно.
540;Скорость приятно удивила Операция завершилась с первого раза.
541;Программа удобная, но подтверждение на мелких суммах лишнее. Из-за этого впечатление смешанное.
542;Алгоритм подтверждения выглядит странно. Приходится ждать и повторять попытку.
543;Код приходит с задержкой. Иногда после этого вообще отменяю платёж.
544;Никаких проблем не заметил, всё быстро и понятно...
545;Скорость приятно удивила Все прошло без проблем.
546;Алгоритм подтверждения выглядит странно. Приходится ждать и повторять попытку.
547;Не ожидал, что всё будет так быстро Даже не успел начать переживать.
548;Программа удобная, но в редкие моменты всё зависает. Тогда пользоваться станет намного приятнее.
549;Код приходит с задержкой. Иногда после этого вообще отменяю платёж.
550;Работает стабильно, интерфейс удобный.
551;После обращения проблему закрыли в тот же день. Объяснили спокойно и понятно.
552;Уведомления приходят даже когда не нужно. Иногда кажется, что их больше, чем пользы.
553;Пушей стало слишком много. Хотелось бы самому настроить частоту...
554;С мелкими суммами проверяет строжне, чем с крупными. Такой сценарий только раздражает.
555;С мелкими суммами проверяет строжне, чем с крупными. Иногда после этого вообще отменяю платёж.
556;Очень быстро обработали платёж Даже не успел начать переживать.
557;ничего особенного, но пользоваться можно, пока претензий нет.
558;проверка занимает лишнее время. приходится ждать и повторять попытку.
559;Устал от ваших сообщений. Иногда кажется, что их больше, чем пользы.
560;Слишком долгое подтверждение операции. Приходится ждать и повторять попытку.
561;Алгоритм подтверждения выглядит странно. Приходится ждать и повторять попытку...
562;Заблокировали платёж по ЪР как будто без причины.
563;Заблокировали перевод в другой банк как будто без причины.
564;Заблокировали платёж по ЪР в конце рабочего дня.
565;он мне не мешает, если ничего не менять.
566;очень удобно, всё быстро и понятно.
567;Все этапы проверки видны и не вызывают вопросов. Никакого дискомфорта не вызывает.
568;Для меня было неожиданно быстро Все прошло без проблем.
569;После обращения проблему закрыли в тот же день. Вопрос решили без лишних переводов.
570;Все прошло отлично, пользоваться комфортно.
571;Программа удобная, но бывают странные остановки операций. Тогда пользоваться станет намного приятнее.
572;Заблокировали пополнение карты когда спешил.
573;работает как работает, пока претензий нет...
574;Пушей стало слишком много. Из-за этого хочется отключить пуши совсем.
575;Заблокировали автоплатёж в конце рабочего дня.
576;Сотрудники всё вежливо объяснили. Объяснили спокойно и понятно...
577;Идея отличная, но подтверждение на мелких суммах лишнее. Из-за этого впечатление смешанное.
578;Никаких проблем не заметил, пользоваться комфортно.
579;В целом сервис хороший, но подтверждение на мелких суммах лишнее. Пока это главный минус.
580;Все этапы проверки видны и не вызывают вопросов. Никакого дискомфорта не вызывает.
581;В личном кабинете слишком много шагов поэтому осталось недоумение...
582;Проверка понятная и быстрая. Баланс между удобством и безопасностью хороший.
583;Устал от ваших сообщений. Часть из них для меня бесполезна.
584;Все этапы проверки видны и не вызывают вопросов. Чувствую себя спокойнее.
585;В целом сервис хороший, но бывают странные остановки операций. Если это поправить, будет отлично.
586;Заблокировали перевод между своими счетами в самый неподходящий момент.
587;с мелкими суммами проверяет строжне, чем с крупными. приходится ждать и повторять попытку.
588;Думал операция займёт много времени, но прошла мгновенно Такой скорости я не ожидал.
589;Очень быстро обработали платёж Операция завершилась с первого раза.
590;отлично
591;чувствуется забота о клиенте. объяснили спокойно и понятно.
592;Проверка занимает лишнее время. Приходится ждать и повторять попытку.
593;Сработало быстрее, чем обычно Операция завершилась с первого раза.
594;Спасибо сотрудникам за помощь. Осталось хорошее впечатление.
595;Пользоваться в целом удобно, но уведомлений многовато. Пока это главный минус.
596;Проверка понятная и быстрая. Так и должно работать.
597;Заблокировали оплату подписки на ровном месте.
598;Для меня было неожиданно быстро Все прошло без проблем.
599;Все хорошо работает, всё с первого раза...
600;Сообщения приходят слишком часто. Хотелось бы самому настроить частоту...
601;Код приходит с задержкой. Из-за этого теряется время.
602;так себе
603;Заблокировали платёж по ЪР без объяснения причины.
604;Все этапы проверки видны и не вызывают вопросов. Никакого дискомфорта не вызывает.
605;Подтверждение пришло почти сразу Операция завершилась с первого раза.
606;обычный сервис.
607;Заблокировали оплату коммуналки когда спешил.
608;Заблокировали оплату Мегафон по лицевому счету как будто без причины.
609;Сообщения приходят слишком часто. Особенно вечером это утомляет.
610;Программа удобная, но иногда блокировки вообще нелогичные. Тогда пользоваться станет намного приятнее.
611;Никаких проблем не заметил, всё с первого раза.
612;обычный сервис, если ничего не менять.
613;Заблокировали оплату коммуналки при обычной сумме.
614;Помогли быстро решить вопрос. Объяснили спокойно и понятно.
615;Спасибо большое сотрудникам Сбербанка. Объяснили спокойно и понятно.
616;Работает стабильно, для меня это большой плюс.
617;Заблокировали оплату подписки в конце рабочего дня.
618;Алгоритм подтверждения выглядит странно. Приходится ждать и повторять попытку.
619;Программа удобная, но алгоритм проверки хотелось бы понятнее. Пока это главный минус.
620;Очень удобно, поддержка отвечает быстро.
621;Процесс подтверждения всегда своевременный и прозрачный. Никакого дискомфорта не вызывает.
622;Слишком долгое подтверждение операции. Хотелось бы меньше лишних шагов.
623;Хорошая программа, подтверждение приходит вовремя.
624;Скорость радует, но в редкие моменты всё зависает. Тогда пользоваться станет намного приятнее.
625;В целом сервис хороший, но в редкие моменты всё зависает. Остальное меня устраивает.
626;Заблокировали операцию оплаты при обычной сумме.
627;Все этапы проверки видны и не вызывают вопросов. Так и должно работать.
628;Постоянные сообщения мешают. Иногда кажется, что их больше, чем пользы...
629;пользуюсь без восторга, но и без проблем, если ничего не менять.
630;Заблокировали платёж по ЪР на ровном месте.
631;Сервис порадовал, интерфейс удобный.
632;Очень быстро обработали платёж Операция завершилась с первого раза.
633;Очень быстро обработали платёж Все прошло без проблем.
634;Проверка понятная и быстрая. Баланс между удобством и безопасностью хороший.
635;Никаких проблем не заметил, операции проходят без задержек.
636;Проверка понятная и быстрая. Баланс между удобством и безопасностью хороший.
637;Спасибо большое сотрудникам Сбербанка. Вопрос решили без лишних переводов.
638;в целом нормально
639;Все хорошо работает, операции проходят без задержек.
640;Очень удобно, операции проходят без задержек.
641;Код приходит с задержкой. Такой сценарий только раздражает.
642;Очень быстро обработали платёж Операция завершилась с первого раза.
643;Проверка понятная и быстрая. Баланс между удобством и безопасностью хороший.
644;ничего особенного, но пользоваться можно, если ничего не менять.
645;Заблокировали оплату коммуналки в самый неподходящий момент.
646;Устал от ваших сообщений. Часть из них для меня бесполезна.
647;Скорость радует, но подтверждение на мелких суммах лишнее. Если это поправить, будет отлично.
648;Поддержка нормальная, но иногда блокировки вообще нелогичные. Если это поправить, будет отлично.
649;После обращения проблему закрыли в тот же день. Объяснили спокойно и понятно.
650;С мелкими суммами проверяет строжне, чем с крупными. Иногда после этого вообще отменяю платёж.
651;Проверка срабатывает там, где это не нужно. Иногда после этого вообще отменяю платёж.
652;Сотрудники всё вежливо объяснили. Вопрос решили без лишних переводов.
653;работает как работает, пока претензий нет.
654;Процесс понятный, подтверждение приходит вовремя.
655;Заблокировали операцию оплаты в самый неподходящий момент.
656;Поддержка сработала оперативно. Осталось хорошее впечатление.
657;Код приходит с задержкой. Такой сценарий только раздражает.
658;Заблокировали оплату мобильной связи как будто без причины.
659;Постоянно просит лишнее подтверждение. Приходится ждать и повторять попытку.
660;Заблокировали оплату Мегафон по лицевому счету как будто без причины.
661;Алгоритм подтверждения выглядит странно. Из-за этого теряется время.
662;заблокировали оплату коммуналки на ровном месте.
663;Лишние уведомления только раздражают. Из-за этого хочется отключить пуши совсем.
664;Проверка понятная и быстрая. Баланс между удобством и безопасностью хороший.
665;Пушей стало слишком много. Из-за этого хочется отключить пуши совсем.
666;Пользоваться в целом удобно, но в редкие моменты всё зависает. Если это поправить, будет отлично.
667;Поддержка нормальная, но алгоритм проверки хотелось бы понятнее. Если это поправить, будет отлично.
668;Проверка срабатывает там, где это не нужно. Приходится ждать и повторять попытку.
669;Все хорошо работает, поддержка отвечает быстро.
670;Заблокировали оплату коммуналки даже без предупреждения.
671;Заблокировали платёж по ЪР хотя раньше всё проходило.
672;программа удобная, но алгоритм проверки хотелось бы понятнее. пока это главный минус.
673;Подтверждение иногда зависает. Хотелось бы меньше лишних шагов.
674;пушей стало слишком много. иногда кажется, что их больше, чем пользы.
675;Для меня было неожиданно быстро Все прошло без проблем.
676;Очень удобно, интерфейс удобный.
677;Никаких проблем не заметил, подтверждение приходит вовремя.
678;Все этапы проверки видны и не вызывают вопросов. Никакого дискомфорта не вызывает.
679;Все этапы проверки видны и не вызывают вопросов. Баланс между удобством и безопасностью хороший.
680;Сработало быстрее, чем обычно Все прошло без проблем.
681;Все хорошо работает, для меня это большой плюс.
682;нормально...
683;Сообщения приходят слишком часто. Из-за этого хочется отключить пуши совсем.
684;Заблокировали снятие наличных в самый неподходящий момент.
685;Все этапы проверки видны и не вызывают вопросов. Чувствую себя спокойнее.
686;В личном кабинете слишком много шагов так что впечатление положительное.
687;Заблокировали платёж по ЪР хотя раньше всё проходило...
688;Проверка понятная и быстрая. Баланс между удобством и безопасностью хороший.
689;В сервисе всё прозрачно так что впечатление положительное.
690;все прошло отлично, операции проходят без задержек.
691;Скорость приятно удивила Операция завершилась с первого раза.
692;ужас
693;Подтверждение операций устроено логично. Так и должно работать.
694;Подтверждение операций устроено логично. Чувствую себя спокойнее.
695;Проверка срабатывает там, где это не нужно. Такой сценарий только раздражает.
696;Чувствуется забота о клиенте. Вопрос решили без лишних переводов.
697;Помогли быстро решить вопрос. Редко встречаю такой сервис.
698;Заблокировали перевод в другой банк хотя операция стандартная.
699;Приятно удивлён, лишних действий нет.
700;в целом нормально.
701;Очень понравилось, лишних действий нет.
702;Код приходит с задержкой. Из-за этого теряется время.
703;Процесс понятный, всё быстро и понятно.
704;Нравится, что безопасность не мешает пользоваться сервисом. Чувствую себя спокойнее.
705;Алгоритм подтверждения выглядит странно. Приходится ждать и повторять попытку.
706;Все прошло буквально за секунды Такой скорости я не ожидал.
707;Приятно удивлён, подтверждение приходит вовремя.
708;Заблокировали оплату коммуналки даже без предупреждения.
709;Думал операция займёт много времени, но прошла мгновенно Даже не успел начать переживать.
710;он мне не мешает, если ничего не менять...
711;Сработало быстрее, чем обычно Операция завершилась с первого раза.
712;Скорость приятно удивила Даже не успел начать переживать.
713;заблокировали оплату подписки без объяснения причины.
714;Программа удобная, но иногда блокировки вообще нелогичные. Пока это главный минус.
715;Очень понравилось, для меня это большой плюс.
716;Проверка срабатывает там, где это не нужно. Такой сценарий только раздражает.
717;Скорость приятно удивила Все прошло без проблем.
718;Слишком много уведомлений. Из-за этого хочется отключить пуши совсем.
719;Заблокировали перевод в другой банк без объяснения причины.
720;Процесс подтверждения всегда своевременный и прозрачный. Так и должно работать.
721;Никаких проблем не заметил, пользоваться комфортно.
722;Заблокировали перевод в другой банк когда спешил.
723;Поддержка сработала оперативно. Осталось хорошее впечатление.
724;обычный сервис, пока претензий нет...
725;Проверка понятная и быстрая. Так и должно работать.
726;Постоянно просит лишнее подтверждение. Хотелось бы меньше лишних шагов.
727;Постоянные сообщения мешают. Иногда кажется, что их больше, чем пользы.
728;Чувствуется забота о клиенте. Редко встречаю такой сервис.
729;Все этапы проверки видны и не вызывают вопросов. Баланс между удобством и безопасностью хороший.
730;Заблокировали перевод на карту в конце рабочего дня.
731;Пушей стало слишком много. Из-за этого хочется отключить пуши совсем.
732;Заблокировали перевод в другой банк хотя сумма была небольшой.
733;Сотрудники всё вежливо объяснили. Объяснили спокойно и понятно.
734;Лишние уведомления только раздражают. Особенно вечером это утомляет...
735;Очень быстро обработали платёж Такой скорости я не ожидал.
736;Заблокировали платёж по ЪР в самый неподходящий момент.
737;Скорость приятно удивила Даже не успел начать переживать.
738;в целом нормально, если ничего не менять...
739;С мелкими суммами проверяет строжне, чем с крупными. Такой сценарий только раздражает.
740;После обращения проблему закрыли в тот же день. Вопрос решили без лишних переводов.
741;Заблокировали оплату Мегафон по лицевому счету хотя сумма была небольшой.
742;Программа удобная, но иногда блокировки вообще нелогичные. Тогда пользоваться станет намного приятнее.
743;Нравится, что безопасность не мешает пользоваться сервисом. Чувствую себя спокойнее.
744;Спасибо сотрудникам за помощь. Объяснили спокойно и понятно.
745;Устал от ваших сообщений. Иногда кажется, что их больше, чем пользы.
746;Подтверждение операций устроено логично. Чувствую себя спокойнее...
747;Подтверждение операций устроено логично. Так и должно работать.
748;Слишком много уведомлений. Из-за этого хочется отключить пуши совсем.
749;Помогли быстро решить вопрос. Объяснили спокойно и понятно.
750;Слишком долгое подтверждение операции. Хотелось бы меньше лишних шагов.
751;Заблокировали автоплатёж в самый неподходящий момент.
752;Слишком много уведомлений. Часть из них для меня бесполезна.
753;Лишние уведомления только раздражают. Из-за этого хочется отключить пуши совсем.
754;Код приходит с задержкой. Такой сценарий только раздражает.
755;Заблокировали платёж за интернет даже без предупреждения.
756;обычный сервис, пока претензий нет.
757;Проверка понятная и быстрая. Никакого дискомфорта не вызывает.
758;Думал операция займёт много времени, но прошла мгновенно Даже не успел начать переживать...
759;все прошло буквально за секунды такой скорости я не ожидал.
760;Подтверждение иногда зависает. Иногда после этого вообще отменяю платёж.
761;Программа удобная, но иногда блокировки вообще нелогичные. Если это поправить, будет отлично...
762;программа удобная, но иногда блокировки вообще нелогичные. если это поправить, будет отлично.
763;Подтверждение пришло почти сразу Все прошло без проблем.
764;Все хорошо работает, операции проходят без задержек.
765;После обращения проблему закрыли в тот же день. Объяснили спокойно и понятно.
766;Слишком долгое подтверждение операции. Приходится ждать и повторять попытку.
767;Хорошая программа, всё быстро и понятно.
768;Заблокировали платёж по ЪР даже без предупреждения.
769;Слишком много уведомлений. Особенно вечером это утомляет...
770;Все хорошо работает, всё прозрачно.
771;Для меня было неожиданно быстро Все прошло без проблем.
772;Думал операция займёт много времени, но прошла мгновенно Даже не успел начать переживать.
773;ничего особенного, но пользоваться можно, пока претензий нет.
774;Подтверждение иногда зависает. Приходится ждать и повторять попытку.
775;Скорость приятно удивила Все прошло без проблем...
776;Проверка срабатывает там, где это не нужно. Из-за этого теряется время...
777;Сообщения приходят слишком часто. Иногда кажется, что их больше, чем пользы.
778;Постоянно просит лишнее подтверждение. Такой сценарий только раздражает.
779;Заблокировали оплату подписки хотя операция стандартная.
780;Заблокировали перевод по номеру телефона хотя сумма была небольшой.
781;Процесс понятный, всё с первого раза.
782;Чувствуется забота о клиенте. Объяснили спокойно и понятно.
783;Все прошло отлично, операции проходят без задержек.
784;Очень быстро обработали платёж Даже не успел начать переживать.
785;Все прошло буквально за секунды Такой скорости я не ожидал.
786;Не ожидал, что всё будет так быстро Операция завершилась с первого раза.
787;Для меня было неожиданно быстро Даже не успел начать переживать.
788;Сообщения приходят слишком часто. Хотелось бы самому настроить частоту.
789;Уведомления приходят даже когда не нужно. Из-за этого хочется отключить пуши совсем.
790;Процесс понятный, всё с первого раза.
791;все прошло буквально за секунды все прошло без проблем.
792;Хорошая программа, пользоваться комфортно.
793;Все хорошо работает, пользоваться комфортно.
794;Уведомления приходят даже когда не нужно. Часть из них для меня бесполезна.
795;Заблокировали оплату подписки и никто не пояснил почему.
796;Процесс понятный, всё быстро и понятно.
797;Помогли быстро решить вопрос. Вопрос решили без лишних переводов.
798;работает как работает, если ничего не менять.
799;Никаких проблем не заметил, всё с первого раза.
800;После обращения проблему закрыли в тот же день. Редко встречаю такой сервис.
801;обычный сервис, пока претензий нет.
802;Нравится, что безопасность не мешает пользоваться сервисом. Чувствую себя спокойнее.
803;Заблокировали снятие наличных когда спешил.
804;Процесс понятный, интерфейс удобный.
805;Чувствуется забота о клиенте. Вопрос решили без лишних переводов.
806;Устал от ваших сообщений. Из-за этого хочется отключить пуши совсем...
807;работает как работает
808;Спасибо большое сотрудникам Сбербанка. Объяснили спокойно и понятно.
809;Чувствуется забота о клиенте. Осталось хорошее впечатление.
810;Заблокировали перевод между своими счетами хотя раньше всё проходило.
811;Заблокировали перевод между своими счетами хотя раньше всё проходило.
812;В личном кабинете слишком много шагов и это приятно.
813;Слишком долгое подтверждение операции. Приходится ждать и повторять попытку.
814;Заблокировали платёж по ЪР когда спешил.
815;Заблокировали операцию оплаты хотя операция стандартная.
816;Очень быстро обработали платёж Все прошло без проблем.
817;Очень понравилось, интерфейс удобный.
818;Для меня было неожиданно быстро Такой скорости я не ожидал.
819;подтверждение операций устроено логично. чувствую себя спокойнее.
820;Сообщения приходят слишком часто. Хотелось бы самому настроить частоту...
821;Сработало быстрее, чем обычно Такой скорости я не ожидал.
822;пока без особых эмоций
823;Нравится, что безопасность не мешает пользоваться сервисом. Чувствую себя спокойнее.
824;Процесс подтверждения всегда своевременный и прозрачный. Баланс между удобством и безопасностью хороший.
825;Сервис порадовал, подтверждение приходит вовремя.
826;Очень удобно, всё прозрачно.
827;кошмар
828;он мне не мешает
829;Поддержка сработала оперативно. Осталось хорошее впечатление.
830;Проверка занимает лишнее время. Такой сценарий только раздражает.
831;Постоянно просит лишнее подтверждение. Хотелось бы меньше лишних шагов.
832;Подтверждение иногда зависает. Из-за этого теряется время.
833;Заблокировали платёж за интернет в конце рабочего дня.
834;Заблокировали платёж за интернет даже без предупреждения.
835;Очень понравилось, всё быстро и понятно.
836;Проверка срабатывает там, где это не нужно. Из-за этого теряется время.
837;Программа удобная, но подтверждение на мелких суммах лишнее. Из-за этого впечатление смешанное.
838;Программа удобная, но в редкие моменты всё зависает. Остальное меня устраивает.
839;Слишком долгое подтверждение операции. Такой сценарий только раздражает.
840;Спасибо сотрудникам за помощь. Редко встречаю такой сервис.
841;Устал от ваших сообщений. Из-за этого хочется отключить пуши совсем.
842;Слишком долгое подтверждение операции. Приходится ждать и повторять попытку.
843;Спасибо большое сотрудникам Сбербанка. Объяснили спокойно и понятно.
844;Слишком долгое подтверждение операции. Приходится ждать и повторять попытку.
845;Проверка срабатывает там, где это не нужно. Приходится ждать и повторять попытку.
846;Уведомления приходят даже когда не нужно. Особенно вечером это утомляет.
847;спасибо большое сотрудникам сбербанка. редко встречаю такой сервис.
848;Очень быстро обработали платёж Операция завершилась с первого раза.
849;Все этапы проверки видны и не вызывают вопросов. Так и должно работать.
850;Постоянно просит лишнее подтверждение. Иногда после этого вообще отменяю платёж...
851;Заблокировали платёж за интернет в конце рабочего дня.
852;Приятно удивлён, интерфейс удобный.
853;Лишние уведомления только раздражают. Часть из них для меня бесполезна.
854;Никаких проблем не заметил, подтверждение приходит вовремя...
855;Заблокировали перевод на карту при обычной сумме.
856;Процесс подтверждения всегда своевременный и прозрачный. Никакого дискомфорта не вызывает.
857;Программа удобная, но бывают странные остановки операций. Пока это главный минус.
858;Нравится, что безопасность не мешает пользоваться сервисом. Баланс между удобством и безопасностью хороший.
859;Хорошая программа, подтверждение приходит вовремя.
860;Проверка понятная и быстрая. Так и должно работать.
861;Слишком долгое подтверждение операции. Такой сценарий только раздражает.
862;Спасибо большое сотрудникам Сбербанка. Осталось хорошее впечатление...
863;все хорошо работает, поддержка отвечает быстро.
864;заблокировали платёж за интернет и никто не пояснил почему...
865;Хорошая программа, для меня это большой плюс.
866;Устал от ваших сообщений. Иногда кажется, что их больше, чем пользы.
867;Программа удобная, но алгоритм проверки хотелось бы понятнее. Из-за этого впечатление смешанное.
868;Поддержка нормальная, но иногда блокировки вообще нелогичные. Тогда пользоваться станет намного приятнее.
869;Очень быстро обработали платёж Даже не успел начать переживать.
870;Скорость приятно удивила Все прошло без проблем...
871;Работает стабильно, операции проходят без задержек...
872;В целом сервис хороший, но в редкие моменты всё зависает. Если это поправить, будет отлично.
873;не ожидал, что всё будет так быстро даже не успел начать переживать.
874;Поддержка сработала оперативно. Редко встречаю такой сервис.
875;Поддержка сработала оперативно. Редко встречаю такой сервис.
876;Уведомления приходят даже когда не нужно. Хотелось бы самому настроить частоту.
877;Работает стабильно, всё быстро и понятно.
878;Подтверждение операций устроено логично. Чувствую себя спокойнее...
879;Алгоритм подтверждения выглядит странно. Из-за этого теряется время.
880;Сработало быстрее, чем обычно Даже не успел начать переживать.
881;Заблокировали оплату Мегафон по лицевому счету хотя операция стандартная.
882;Все этапы проверки видны и не вызывают вопросов. Баланс между удобством и безопасностью хороший.
883;Работает стабильно, подтверждение приходит вовремя.
884;Уведомления приходят даже когда не нужно. Часть из них для меня бесполезна...
885;Все этапы проверки видны и не вызывают вопросов. Никакого дискомфорта не вызывает.
886;Для меня было неожиданно быстро Операция завершилась с первого раза.
887;Пользоваться в целом удобно, но в редкие моменты всё зависает. Остальное меня устраивает.
888;Подтверждение иногда зависает. Иногда после этого вообще отменяю платёж.
889;отлично
890;Все прошло отлично, поддержка отвечает быстро.
891;Код приходит с задержкой. Иногда после этого вообще отменяю платёж.
892;Проверка занимает лишнее время. Приходится ждать и повторять попытку.
893;спасибо большое сотрудникам сбербанка. объяснили спокойно и понятно.
894;С мелкими суммами проверяет строжне, чем с крупными. Приходится ждать и повторять попытку.
895;Очень быстро обработали платёж Операция завершилась с первого раза.
896;неплохо
897;Сервис порадовал, операции проходят без задержек.
898;Все этапы проверки видны и не вызывают вопросов. Баланс между удобством и безопасностью хороший.
899;работает как работает, пока претензий нет.
900;он мне не мешает, если ничего не менять.
901;Заблокировали перевод в другой банк в конце рабочего дня.
902;Спасибо сотрудникам за помощь. Объяснили спокойно и понятно.
903;Поддержка сработала оперативно. Осталось хорошее впечатление.
904;Все этапы проверки видны и не вызывают вопросов. Баланс между удобством и безопасностью хороший.
905;Заблокировали перевод в другой банк в конце рабочего дня.
906;Поддержка нормальная, но иногда блокировки вообще нелогичные. Остальное меня устраивает.
907;Заблокировали пополнение карты при обычной сумме.
908;Для меня было неожиданно быстро Операция завершилась с первого раза.
909;нормально.
910;Пользоваться в целом удобно, но в редкие моменты всё зависает. Тогда пользоваться станет намного приятнее.
911;Код приходит с задержкой. Хотелось бы меньше лишних шагов.
912;Заблокировали пополнение карты в самый неподходящий момент.
913;он мне не мешает
914;В целом сервис хороший, но алгоритм проверки хотелось бы понятнее. Остальное меня устраивает.
915;Подтверждение иногда зависает. Иногда после этого вообще отменяю платёж.
916;Алгоритм подтверждения выглядит странно. Хотелось бы меньше лишних шагов.
917;Проверка занимает лишнее время. Такой сценарий только раздражает.
918;Хорошая программа, лишних действий нет...
919;Сотрудники всё вежливо объяснили. Объяснили спокойно и понятно.
920;Скорость приятно удивила Все прошло без проблем.
921;Подтверждение иногда зависает. Приходится ждать и повторять попытку.
922;Все хорошо работает, лишних действий нет.
923;В целом сервис хороший, но в редкие моменты всё зависает. Из-за этого впечатление смешанное.
924;Заблокировали перевод на карту когда спешил.
925;Слишком много уведомлений. Часть из них для меня бесполезна...
926;В сервисе всё прозрачно так что впечатление положительное.
927;Работает стабильно, поддержка отвечает быстро.
928;Подтверждение иногда зависает. Иногда после этого вообще отменяю платёж.
929;Программа удобная, но алгоритм проверки хотелось бы понятнее. Тогда пользоваться станет намного приятнее.
930;пользуюсь без восторга, но и без проблем
931;С мелкими суммами проверяет строжне, чем с крупными. Хотелось бы меньше лишних шагов.
932;Проверка понятная и быстрая. Никакого дискомфорта не вызывает...
933;Все прошло буквально за секунды Даже не успел начать переживать.
934;Процесс подтверждения всегда своевременный и прозрачный. Баланс между удобством и безопасностью хороший.
935;работает как работает...
936;Поддержка нормальная, но алгоритм проверки хотелось бы понятнее. Остальное меня устраивает.
937;ничего особенного, но пользоваться можно...
938;Заблокировали покупку в интернет-магазине в самый неподходящий момент.
939;Идея отличная, но уведомлений многовато. Тогда пользоваться станет намного приятнее...
940;Подтверждение пришло почти сразу Такой скорости я не ожидал.
941;работает как работает.
942;Код приходит с задержкой. Приходится ждать и повторять попытку.
943;Сотрудники всё вежливо объяснили. Редко встречаю такой сервис.
944;Очень быстро обработали платёж Все прошло без проблем.
945;Пользоваться в целом удобно, но алгоритм проверки хотелось бы понятнее. Из-за этого впечатление смешанное.
946;Заблокировали перевод на карту без объяснения причины.
947;Подтверждение операций устроено логично. Баланс между удобством и безопасностью хороший.
948;Все этапы проверки видны и не вызывают вопросов. Так и должно работать.
949;Все хорошо работает, всё быстро и понятно.
950;Сработало быстрее, чем обычно Такой скорости я не ожидал.
951;Заблокировали перевод по номеру телефона и никто не пояснил почему.
952;Все этапы проверки видны и не вызывают вопросов. Никакого дискомфорта не вызывает.
953;Сотрудники всё вежливо объяснили. Вопрос решили без лишних переводов.
954;Подтверждение иногда зависает. Из-за этого теряется время.
955;Все этапы проверки видны и не вызывают вопросов. Чувствую себя спокойнее.
956;пока без особых эмоций, пока претензий нет.
957;Все этапы проверки видны и не вызывают вопросов. Баланс между удобством и безопасностью хороший.
958;Подтверждение операций устроено логично. Так и должно работать.
959;Спасибо сотрудникам за помощь. Редко встречаю такой сервис...
960;Работает стабильно, пользоваться комфортно.
961;Идея отличная, но подтверждение на мелких суммах лишнее. Из-за этого впечатление смешанное.
962;Постоянно просит лишнее подтверждение. Иногда после этого вообще отменяю платёж.
963;Алгоритм подтверждения выглядит странно. Такой сценарий только раздражает.
964;Заблокировали покупку в интернет-магазине хотя раньше всё проходило.
965;пользуюсь без восторга, но и без проблем, пока претензий нет.
966;пользуюсь без восторга, но и без проблем
967;Проверка срабатывает там, где это не нужно. Хотелось бы меньше лишних шагов.
968;Уведомления приходят даже когда не нужно. Иногда кажется, что их больше, чем пользы.
969;Очень понравилось, пользоваться комфортно.
970;Пользоваться в целом удобно, но бывают странные остановки операций. Если это поправить, будет отлично...
971;Устал от ваших сообщений. Часть из них для меня бесполезна.
972;Код приходит с задержкой. Иногда после этого вообще отменяю платёж.
973;Поддержка нормальная, но алгоритм проверки хотелось бы понятнее. Остальное меня устраивает.
974;отлично
975;Заблокировали операцию оплаты когда спешил.
976;пока без особых эмоций, если ничего не менять.
977;Все хорошо работает, поддержка отвечает быстро.
978;Сообщения приходят слишком часто. Часть из них для меня бесполезна.
979;Сообщения приходят слишком часто. Особенно вечером это утомляет...
980;Сработало быстрее, чем обычно Операция завершилась с первого раза.
981;Алгоритм подтверждения выглядит странно. Приходится ждать и повторять попытку...
982;кошмар
983;Сообщения приходят слишком часто. Часть из них для меня бесполезна.
984;Нравится, что безопасность не мешает пользоваться сервисом. Так и должно работать.
985;Идея отличная, но иногда блокировки вообще нелогичные. Из-за этого впечатление смешанное.
986;Хорошая программа, поддержка отвечает быстро.
987;Проверка срабатывает там, где это не нужно. Из-за этого теряется время.
988;Работает стабильно, интерфейс удобный.
989;Процесс понятный, операции проходят без задержек.
990;Процесс подтверждения всегда своевременный и прозрачный. Никакого дискомфорта не вызывает.
991;После обращения проблему закрыли в тот же день. Вопрос решили без лишних переводов.
992;Все хорошо работает, всё быстро и понятно...
993;Слишком много уведомлений. Часть из них для меня бесполезна.
994;Заблокировали перевод в другой банк в конце рабочего дня.
995;Заблокировали перевод в другой банк в конце рабочего дня.
996;Заблокировали перевод по номеру телефона когда спешил.
997;Заблокировали оплату Мегафон по лицевому счету и никто не пояснил почему.
998;Сработало быстрее, чем обычно Операция завершилась с первого раза.
999;Заблокировали снятие наличных когда спешил.
1000;Слишком много уведомлений. Особенно вечером это утомляет.
